2176.png,0.230820994
2177.png,0.5539628925
2178.png,0.10644140715
2179.png,0.9532391570000001
2180.png,0.0544377665
2181.png,0.9495117975
2182.png,0.06601550465
2183.png,0.20033510755
2184.png,0.7346294543
2185.png,0.50410444645
2186.png,0.08871231904999999
2187.png,0.5532444784999999
2188.png,0.11844688705
2189.png,0.10322672135
2190.png,0.054401480399999994
2191.png,0.8734149765
2192.png,0.3558449287
2193.png,0.6504748133499999
2194.png,0.955202195
2195.png,0.8502432790000001
2196.png,0.09013992575
2197.png,0.8211058125
2198.png,0.5903307975
2199.png,0.9325409739999999
2200.png,0.52970491335
2201.png,0.5981009764999999
2202.png,0.0909798118
2203.png,0.0524657409
2204.png,0.801095788
2205.png,0.05224672314999999
2206.png,0.9317177775000001
2207.png,0.742045935
2208.png,0.9337096595000001
2209.png,0.2681604358
2210.png,0.8667668515
2211.png,0.14414567330000003
2212.png,0.39170869835
2213.png,0.8815445059999999
2214.png,0.8658327120000001
2215.png,0.3062466953
2216.png,0.9553972915
2217.png,0.04945037299999999
2218.png,0.9349430214999999
2219.png,0.21353978445
2220.png,0.56195157975
2221.png,0.7095602150000001
2222.png,0.051548626550000004
2223.png,0.87996908025
2224.png,0.6862069527500001
2225.png,0.05183894455
2226.png,0.33264738625
2227.png,0.2523139247
2228.png,0.0808605111
2229.png,0.9455247344999999
2230.png,0.815234236
2231.png,0.39153154879999996
2232.png,0.916651344
2233.png,0.42488856640000006
2234.png,0.32820961935
2235.png,0.9402074529999999
2236.png,0.921501893
2237.png,0.8884261435
2238.png,0.6909312317
2239.png,0.8967330499999999
2240.png,0.05260489535
2241.png,0.06898091234999999
2242.png,0.053517898650000006
2243.png,0.845889064
2244.png,0.933721574
2245.png,0.14210425529999998
2246.png,0.36131322515000003
2247.png,0.945322325
2248.png,0.0589154469
2249.png,0.46925393000000004
2250.png,0.8214116355
2251.png,0.922625486
2252.png,0.809010851
2253.png,0.9203092755
2254.png,0.3892776689
2255.png,0.924971584
2256.png,0.5439818895
2257.png,0.5201236026
2258.png,0.9344711510000001
2259.png,0.9460330140000001
2260.png,0.8722706265000001
2261.png,0.9165811095
2262.png,0.5810198314
2263.png,0.37324657835
2264.png,0.0680216555
2265.png,0.19092017790000004
2266.png,0.86558174
2267.png,0.620910452
2268.png,0.058403598349999995
2269.png,0.8520981200000001
2270.png,0.925004992
2271.png,0.9150559805
2272.png,0.42852441345000003
2273.png,0.44954345665000006
2274.png,0.5788768982
2275.png,0.782092091
2276.png,0.73231775135
2277.png,0.8898147329999999
2278.png,0.9396537574999999
2279.png,0.130437456
2280.png,0.5540418905
2281.png,0.821173022
2282.png,0.18302481635
2283.png,0.21607847249999995
2284.png,0.72843049985
2285.png,0.62883771275
2286.png,0.8884018215
2287.png,0.08621274255
2288.png,0.44296301489999995
2289.png,0.8720867345
2290.png,0.21091161814999998
2291.png,0.8296445410000001
2292.png,0.4207761398
2293.png,0.45514570875
2294.png,0.08681537605
2295.png,0.657694472
2296.png,0.7840449185
2297.png,0.1049203144
2298.png,0.44026963495
2299.png,0.8964229555000001
2300.png,0.847201516
2301.png,0.48414401175
2302.png,0.8385295425
2303.png,0.09010308750000001
2304.png,0.0499683903
2305.png,0.9108730525000001
2306.png,0.8651368385
2307.png,0.0853175199
2308.png,0.8826254935
2309.png,0.6710416324999999
2310.png,0.7198148531999999
2311.png,0.8709371175
2312.png,0.39558030450000004
2313.png,0.35144785775
2314.png,0.706502945
2315.png,0.30571210695
2316.png,0.06058533745
2317.png,0.05359477575
2318.png,0.42151719665000004
2319.png,0.5878799281
2320.png,0.46371352355000006
2321.png,0.05710044175
2322.png,0.943631742
2323.png,0.72839715375
2324.png,0.18526872225000002
2325.png,0.19344401065
2326.png,0.9471267815
2327.png,0.9357579325
2328.png,0.5841648819999999
2329.png,0.9198765705
2330.png,0.1027617807
2331.png,0.9462482629999999
2332.png,0.739544828
2333.png,0.951516657
2334.png,0.14705290324999998
2335.png,0.06758510255
2336.png,0.057567908099999995
2337.png,0.18487677904999997
2338.png,0.7873098565000001
2339.png,0.35416374435
2340.png,0.07224183455000001
2341.png,0.9387628509999999
2342.png,0.8682741884999999
2343.png,0.9421634074999999
2344.png,0.656093985
2345.png,0.0887845033
2346.png,0.734316848
2347.png,0.47946078135
2348.png,0.44256921099999996
2349.png,0.6494323068
2350.png,0.27949122125
2351.png,0.09949323555
2352.png,0.8538476185
2353.png,0.9465332820000001
2354.png,0.23351194679999998
2355.png,0.0549535215
2356.png,0.7434565080000001
2357.png,0.71654919225
2358.png,0.2610420544
2359.png,0.20894331370000002
2360.png,0.27616775730000004
2361.png,0.9460779425
2362.png,0.6393179822499999
2363.png,0.06243572299999999
2364.png,0.9317627075
2365.png,0.953055414
2366.png,0.2822172351
2367.png,0.051997545650000004
2368.png,0.33263517540000004
2369.png,0.05510959415
2370.png,0.7729300318000001
2371.png,0.32547860689999997
2372.png,0.5739613398
2373.png,0.778245812
2374.png,0.5086696402
2375.png,0.863792886
2376.png,0.13121174405
2377.png,0.9456500050000001
2378.png,0.6118928272999999
2379.png,0.07872628305
2380.png,0.44443683850000004
2381.png,0.045762841
2382.png,0.21596663935
2383.png,0.05338863815
2384.png,0.059468680749999996
2385.png,0.3943852767
2386.png,0.7568114507500001
2387.png,0.9514220179999999
2388.png,0.8626204685000001
2389.png,0.7846282124999999
2390.png,0.35116987180000003
2391.png,0.44023757485000004
2392.png,0.0688132204
2393.png,0.896075199
2394.png,0.6375936675
2395.png,0.8474328985000001
2396.png,0.8489144074999999
2397.png,0.7217360660000001
2398.png,0.7096568925
2399.png,0.6878997085
2400.png,0.0766684187
2401.png,0.280704725
2402.png,0.936100972
2403.png,0.9307344924999998
2404.png,0.6077802463
2405.png,0.47288325810000004
2406.png,0.8082665470000001
2407.png,0.9104750245
2408.png,0.838453347
2409.png,0.708724649
2410.png,0.9042343205
2411.png,0.430755981
2412.png,0.06351014989999999
2413.png,0.0813978241
2414.png,0.7238004915
2415.png,0.901871001
2416.png,0.937189878
2417.png,0.7855593455
2418.png,0.05274224915
2419.png,0.29178311395
2420.png,0.0495457911
2421.png,0.7304837385
2422.png,0.06573292485000001
2423.png,0.93869258
2424.png,0.14295157095
2425.png,0.582932215
2426.png,0.71364998615
2427.png,0.1617394564
2428.png,0.7049563605
2429.png,0.06785896755
2430.png,0.41312728860000003
2431.png,0.6772184457
2432.png,0.0523821837
2433.png,0.9484097930000001
2434.png,0.936811
2435.png,0.35761229465
2436.png,0.08332818005
2437.png,0.18985704625
2438.png,0.947807018
2439.png,0.631160398
2440.png,0.05060681885
2441.png,0.6015150791
2442.png,0.5519469533000001
2443.png,0.0599539977
2444.png,0.06887702429999999
2445.png,0.0999779792
2446.png,0.8204923445
2447.png,0.9525900800000001
2448.png,0.9119253620000001
2449.png,0.8589630054999999
2450.png,0.04941745075
2451.png,0.06263184715
2452.png,0.873706976
2453.png,0.27527359305
2454.png,0.778927586
2455.png,0.5488211835000001
2456.png,0.6607014362
2457.png,0.944216071
2458.png,0.6271217535
2459.png,0.20752938935
2460.png,0.048080790250000005
2461.png,0.06885704895
2462.png,0.5181829807999999
2463.png,0.12054496695
2464.png,0.9184703085
2465.png,0.07347029835
2466.png,0.05220709279999999
2467.png,0.829732141
2468.png,0.050472721
2469.png,0.924089913
2470.png,0.08042940555
2471.png,0.08600247905
2472.png,0.16568970705
2473.png,0.8739173595
2474.png,0.5600731552
2475.png,0.04804154670000001
2476.png,0.4567133832
2477.png,0.9165094135
2478.png,0.6760638968
2479.png,0.8717951420000001
2480.png,0.05345524925
2481.png,0.762364507
2482.png,0.122978013
2483.png,0.9394842514999999
2484.png,0.65940775875
2485.png,0.04885335985
2486.png,0.11332012585000001
2487.png,0.8754450189999999
2488.png,0.06247796665
2489.png,0.0549416719
2490.png,0.9240336915
2491.png,0.1013857772
2492.png,0.1481730348
2493.png,0.905938847
2494.png,0.905252749
2495.png,0.46583737729999997
2496.png,0.12579901135
2497.png,0.946864758
2498.png,0.38466984535000004
2499.png,0.0720458011
2500.png,0.7848632818
2501.png,0.056326933100000004
2502.png,0.05826193165
2503.png,0.05490089225
2504.png,0.9075718245
2505.png,0.4624295944
2506.png,0.922100288
2507.png,0.8955768989999999
2508.png,0.8910553674999999
2509.png,0.930254462
2510.png,0.7653588831999999
2511.png,0.9137893960000001
2512.png,0.9059754600000001
2513.png,0.63084404875
2514.png,0.53222219325
2515.png,0.1885167368
2516.png,0.6407195944
2517.png,0.5471569265
2518.png,0.0586678492
2519.png,0.7769902774999999
2520.png,0.6883779955
2521.png,0.36312543924999996
2522.png,0.6868187244999999
2523.png,0.697358684
2524.png,0.7575062552
2525.png,0.0491164929
2526.png,0.8414931885000001
2527.png,0.8733578200000001
2528.png,0.81094750025
2529.png,0.05082611949999999
2530.png,0.808770495
2531.png,0.9075147769999998
2532.png,0.07414990400000002
2533.png,0.23375676020000002
2534.png,0.7186197445
2535.png,0.9432939770000001
2536.png,0.9366184540000001
2537.png,0.05128637785
2538.png,0.9519962355
2539.png,0.06432923089999999
2540.png,0.8977325695000001
2541.png,0.052532658350000004
2542.png,0.14024117615
2543.png,0.1854395578
2544.png,0.05230813245
2545.png,0.757702126
2546.png,0.22907948815
2547.png,0.1591970553
2548.png,0.08458265479999999
2549.png,0.062410834
2550.png,0.856671113
2551.png,0.7472615515
2552.png,0.9428500105000001
2553.png,0.876419862
2554.png,0.73317443925
2555.png,0.8214585905
2556.png,0.9485580899999999
2557.png,0.04734633225
2558.png,0.54436479935
2559.png,0.8181405040000002
2560.png,0.6974863253500001
2561.png,0.8867930574999999
2562.png,0.928120908
2563.png,0.5570275675
2564.png,0.57673342845
2565.png,0.7790449564999999
2566.png,0.9174086014999999
2567.png,0.923908994
2568.png,0.05155494425
2569.png,0.9016275855
2570.png,0.9425602605000001
2571.png,0.3064959355
2572.png,0.47395257550000003
2573.png,0.5593378900000001
2574.png,0.051432209699999995
2575.png,0.9006707099999999
2576.png,0.544567257
2577.png,0.14153941400000003
2578.png,0.12900219559999998
2579.png,0.16423708520000002
2580.png,0.9060325995
2581.png,0.18756469335
2582.png,0.5397903468
2583.png,0.06513877655
2584.png,0.9486300434999999
2585.png,0.7330555514999999
2586.png,0.20687799349999997
2587.png,0.48668703124999996
2588.png,0.12396560849999999
2589.png,0.8194258605
2590.png,0.28171155324999997
2591.png,0.6885356090500001
2592.png,0.5903569605000001
2593.png,0.07253303500000001
2594.png,0.4202933807
2595.png,0.6412367815000001
2596.png,0.05242761275
2597.png,0.14263070205
2598.png,0.1420300014
2599.png,0.08167289735
2600.png,0.7248967735
2601.png,0.1686111408
2602.png,0.22647898755
2603.png,0.48917174379999995
2604.png,0.8106719569999998
2605.png,0.04928002065
2606.png,0.11535614255
2607.png,0.9497877645
2608.png,0.9473913744999999
2609.png,0.45121744489999993
2610.png,0.122172497
2611.png,0.7689353296000001
2612.png,0.0455626915
2613.png,0.9342587535000001
2614.png,0.8116974284999999
2615.png,0.3950940855
2616.png,0.8946343125
2617.png,0.9503510465
2618.png,0.9422217815
2619.png,0.08010953669999998
2620.png,0.11528151405
2621.png,0.0468086368
2622.png,0.38778283734999996
2623.png,0.540795628
2624.png,0.5527633139999999
2625.png,0.07972274430000001
2626.png,0.93106255
2627.png,0.7093516335000001
2628.png,0.09311240705
2629.png,0.29857449329999997
2630.png,0.906159787
2631.png,0.8933163984999999
2632.png,0.05232092605
2633.png,0.5092833705
2634.png,0.4540334062
2635.png,0.919895368
2636.png,0.80716673175
2637.png,0.27727583619999996
2638.png,0.053007114
2639.png,0.926353409
2640.png,0.7914262505
2641.png,0.933353007
2642.png,0.0650688956
2643.png,0.9493718505
2644.png,0.04813170215
2645.png,0.15369903759999998
2646.png,0.07381601745
2647.png,0.8664712885000001
2648.png,0.06844491045000001
2649.png,0.8205154984999999
2650.png,0.32886483815
2651.png,0.825958573
2652.png,0.9493030185000001
2653.png,0.08296086520000001
2654.png,0.924612678
2655.png,0.12326991229999999
2656.png,0.6893517597500001
2657.png,0.07365283335
2658.png,0.9433568404999999
2659.png,0.9139725835
2660.png,0.57352980705
2661.png,0.7671973430000001
2662.png,0.35111395155
2663.png,0.61153017815
2664.png,0.9480657714999999
2665.png,0.9358522355000001
2666.png,0.8900964475
2667.png,0.6798753182
2668.png,0.06329942765
2669.png,0.58353123525
2670.png,0.21559527530000003
2671.png,0.05472047120000001
2672.png,0.6785591295
2673.png,0.8387083104999999
2674.png,0.25753815095
2675.png,0.09356286615000001
2676.png,0.8905902645000001
2677.png,0.9361844045000001
2678.png,0.05060472385
2679.png,0.818440278
2680.png,0.8165910755
2681.png,0.559813999
2682.png,0.47328910750000003
2683.png,0.05461712965
2684.png,0.9535681775000001
2685.png,0.948218357
2686.png,0.768630629
2687.png,0.0675883907
2688.png,0.8993415
2689.png,0.1883698684
2690.png,0.75395962675
2691.png,0.37529619115
2692.png,0.954016272
2693.png,0.9169184404999999
2694.png,0.5500391162999999
2695.png,0.08502843170000002
2696.png,0.7607593349999999
2697.png,0.9464536095
2698.png,0.35790487425
2699.png,0.938786809
2700.png,0.16820839285
2701.png,0.638571506
2702.png,0.05157965535
2703.png,0.18566173805000002
2704.png,0.09384510910000002
2705.png,0.09618430859999999
2706.png,0.18916638225
2707.png,0.9297797965
2708.png,0.897757261
2709.png,0.12423153979999998
2710.png,0.8370288084999999
2711.png,0.2895910279
2712.png,0.9455636215000001
2713.png,0.6749045778
2714.png,0.750291576
2715.png,0.07939359275
2716.png,0.28706007904999997
2717.png,0.857191337
2718.png,0.07928807510000001
2719.png,0.05056635945
2720.png,0.6983979844999999
2721.png,0.06576887440000001
2722.png,0.7552037985
2723.png,0.5508494312500001
2724.png,0.9369267139999999
2725.png,0.6830782545
2726.png,0.0533538018
2727.png,0.897883305
2728.png,0.53925110245
2729.png,0.16416398175
2730.png,0.8119519055
2731.png,0.940742325
2732.png,0.5841722882
2733.png,0.9461476390000001
2734.png,0.27300849745
2735.png,0.9007897130000001
2736.png,0.1198635663
2737.png,0.9195475934999999
2738.png,0.060545653000000005
2739.png,0.26790274869999997
2740.png,0.764506033
2741.png,0.7315539713
2742.png,0.5019836036
2743.png,0.8888010759999999
2744.png,0.712903459
2745.png,0.050080952299999995
2746.png,0.8780749533000001
2747.png,0.5042583744
2748.png,0.1942174807
2749.png,0.9382082595000001
2750.png,0.2507605223
2751.png,0.934407891
2752.png,0.6018312162999999
2753.png,0.1947013362
2754.png,0.05475287720000001
2755.png,0.102405
2756.png,0.048990796600000004
2757.png,0.9027698799999999
2758.png,0.04749842149999999
2759.png,0.1567125579
2760.png,0.7986770499999999
2761.png,0.7564546621999999
2762.png,0.9499676310000001
2763.png,0.7601917043
2764.png,0.8365391579999999
2765.png,0.9314945425
2766.png,0.19932392064999999
2767.png,0.050417327299999995
2768.png,0.0557389186
2769.png,0.9465575529999999
2770.png,0.8538719788
2771.png,0.8516044095
2772.png,0.76987126195
2773.png,0.852664764
2774.png,0.25987534145
2775.png,0.819448135
2776.png,0.06790037755
2777.png,0.40547504375
2778.png,0.19336068455
2779.png,0.1786461042
2780.png,0.13795750395
2781.png,0.9417208289999999
2782.png,0.9283544075000001
2783.png,0.9336468595
2784.png,0.761109341
2785.png,0.8226668129999999
2786.png,0.80324352175
2787.png,0.0585636311
2788.png,0.18834888090000002
2789.png,0.22254574005
2790.png,0.1586197426
2791.png,0.7954818920000001
2792.png,0.2946409703
2793.png,0.26738934109999996
2794.png,0.8855057709999999
2795.png,0.9414469505
2796.png,0.9480751040000002
2797.png,0.926850885
2798.png,0.11659728220000001
2799.png,0.08009022665
2800.png,0.927123717
2801.png,0.1837117108
2802.png,0.12863963565
2803.png,0.9232469775
2804.png,0.35738444675000003
2805.png,0.30640413265
2806.png,0.1663922564
2807.png,0.47871240615
2808.png,0.70214612295
2809.png,0.9545449225
2810.png,0.24843135075
2811.png,0.04992303795
2812.png,0.9432689460000001
2813.png,0.727973048
2814.png,0.9452291935
2815.png,0.8051354095000001
2816.png,0.0860215855
2817.png,0.837330271
2818.png,0.8491975555000001
2819.png,0.047536117350000004
2820.png,0.17443661735
2821.png,0.1428097569
2822.png,0.78636440175
2823.png,0.8686547200000001
2824.png,0.11726738085000002
2825.png,0.5723060083
2826.png,0.0613662185
2827.png,0.9369878685
2828.png,0.26986276649999996
2829.png,0.65011430225
2830.png,0.46353823785000003
2831.png,0.5144368525
2832.png,0.1402026415
2833.png,0.8540320180000001
2834.png,0.6329405263499999
2835.png,0.6794694385
2836.png,0.8699267983
2837.png,0.35935012145
2838.png,0.05306868024999999
2839.png,0.352667988
2840.png,0.905330832
2841.png,0.3334586362
2842.png,0.9399886215
2843.png,0.04573599590000001
2844.png,0.18536141925
2845.png,0.428988256
2846.png,0.8784749784999999
2847.png,0.05901654705
2848.png,0.8303156140000001
2849.png,0.9345242894999999
2850.png,0.9151741914999999
2851.png,0.9385895975
2852.png,0.6875941235
2853.png,0.07694402645000001
2854.png,0.06835750955
2855.png,0.857704561
2856.png,0.577601956
2857.png,0.6382725455
2858.png,0.8411345295
2859.png,0.8390082765
2860.png,0.1446017543
2861.png,0.7890097915000001
2862.png,0.9569349855
2863.png,0.5594436575
2864.png,0.0506213081
2865.png,0.047669023600000006
2866.png,0.15604651565
2867.png,0.8962628755
2868.png,0.40820260249999996
2869.png,0.62484418725
2870.png,0.63249991095
2871.png,0.8259215325
2872.png,0.07716209204999999
2873.png,0.9223696075000001
2874.png,0.05913574145
2875.png,0.535062175
2876.png,0.04754767975
2877.png,0.048793031
2878.png,0.895091497
2879.png,0.0788934835
2880.png,0.9163657674999999
2881.png,0.864163863
2882.png,0.9484686364999999
2883.png,0.8288020745
2884.png,0.1301855762
2885.png,0.945718106
2886.png,0.6254196535000001
2887.png,0.9384558145
2888.png,0.0472710091
2889.png,0.903454641
2890.png,0.854808259
2891.png,0.0751350687
2892.png,0.22286059995000002
2893.png,0.684630929
2894.png,0.19343845800000004
2895.png,0.9344405695000001
2896.png,0.8264292835000001
2897.png,0.938573646
2898.png,0.18852263679999998
2899.png,0.873936474
2900.png,0.8820213355
2901.png,0.9166114495000001
2902.png,0.9117532065
2903.png,0.05124574605
2904.png,0.8735456865000001
2905.png,0.060697360150000004
2906.png,0.889928835
2907.png,0.713027014
2908.png,0.9183727800000001
2909.png,0.06872200365
2910.png,0.8327464725
2911.png,0.9064448865
2912.png,0.9182797505
2913.png,0.8577716175
2914.png,0.871502813
2915.png,0.04597228165
2916.png,0.9508222915
2917.png,0.896693381
2918.png,0.7744240250000001
2919.png,0.7978317050000001
2920.png,0.9471076735
2921.png,0.10765972785
2922.png,0.8116405055
2923.png,0.05616052955
2924.png,0.946989576
2925.png,0.8610955915
2926.png,0.29700584885
2927.png,0.08949713355
2928.png,0.9146642549999999
2929.png,0.36969394415
2930.png,0.9259190325
2931.png,0.886995461
2932.png,0.944538901
2933.png,0.939915787
2934.png,0.5217747223
2935.png,0.7232487705
2936.png,0.21667094004999998
2937.png,0.29864233465000006
2938.png,0.6447397435
2939.png,0.7687826692499999
2940.png,0.86280712
2941.png,0.05223964465
2942.png,0.21494694869999997
2943.png,0.5933035894999998
2944.png,0.220018498
2945.png,0.475834382
2946.png,0.931963984
2947.png,0.7663046634999999
2948.png,0.8953446755000001
2949.png,0.942020893
2950.png,0.939627105
2951.png,0.5350727556
2952.png,0.7725463435000001
2953.png,0.8734096075
2954.png,0.38047569719999996
2955.png,0.9492580589999999
2956.png,0.9499741859999999
2957.png,0.0494790355
2958.png,0.05088064295
2959.png,0.7279738715
2960.png,0.0979857494
2961.png,0.0473464042
2962.png,0.38991305235
2963.png,0.049414702500000005
2964.png,0.8565165915
2965.png,0.44397058825
2966.png,0.6451477373000001
2967.png,0.8229902979999999
2968.png,0.772197081
2969.png,0.952480145
2970.png,0.852386478
2971.png,0.7496368059999999
2972.png,0.19816931375000002
2973.png,0.931268679
2974.png,0.15301153755
2975.png,0.0693489283
2976.png,0.31176533705
2977.png,0.95056553
2978.png,0.9436674490000001
2979.png,0.861640723
2980.png,0.9404679785
2981.png,0.9399956285
2982.png,0.8957991280000001
2983.png,0.0495415196
2984.png,0.04785547575
2985.png,0.9123613114999999
2986.png,0.6497672234999999
2987.png,0.799397572
2988.png,0.8575990569999999
2989.png,0.9187857575
2990.png,0.04804085195
2991.png,0.8407327214999999
2992.png,0.04923379195
2993.png,0.937444831
2994.png,0.926460297
2995.png,0.8979524205
2996.png,0.28366109124999994
2997.png,0.6604795945000002
2998.png,0.7907319575
2999.png,0.8153475849999999
3000.png,0.049661915099999995
3001.png,0.9348577064999999
3002.png,0.7101201644999999
3003.png,0.0520990137
3004.png,0.26655026495
3005.png,0.04538268795
3006.png,0.9284508235
3007.png,0.10734757464999999
3008.png,0.873734376
3009.png,0.5699200887
3010.png,0.706529729
3011.png,0.2170336165
3012.png,0.34999386055
3013.png,0.09210978095
3014.png,0.23808026359999998
3015.png,0.9470171395
3016.png,0.0490852086
3017.png,0.947207811
3018.png,0.9145887035000001
3019.png,0.5259263141999999
3020.png,0.75284649755
3021.png,0.9453173155
3022.png,0.9505443954999999
3023.png,0.4140214725
3024.png,0.5441342302000001
3025.png,0.949594457
3026.png,0.054519705749999994
3027.png,0.7342794149999999
3028.png,0.7966297695
3029.png,0.8314696639999999
3030.png,0.8742983325
3031.png,0.5455498518999999
3032.png,0.880389739
3033.png,0.36525164375
3034.png,0.8831662124999999
3035.png,0.526450505
3036.png,0.924325743
3037.png,0.49973775944999993
3038.png,0.06317389905
3039.png,0.12297523164999999
3040.png,0.12701977405
3041.png,0.7707292375
3042.png,0.48497962245000004
3043.png,0.8892987665000001
3044.png,0.18170251485000002
3045.png,0.23196278879999999
3046.png,0.0552280238
3047.png,0.14439695840000003
3048.png,0.050399662149999996
3049.png,0.945642548
3050.png,0.0459672118
3051.png,0.3904024253
3052.png,0.946201228
3053.png,0.8884364615
3054.png,0.937470608
3055.png,0.9097377205
3056.png,0.5511272743
3057.png,0.36738139345
3058.png,0.7419980675
3059.png,0.9308222255
3060.png,0.9304748345
3061.png,0.20766449850000002
3062.png,0.2976405775
3063.png,0.9433900120000001
3064.png,0.5496002904999999
3065.png,0.9551985080000001
3066.png,0.596213805
3067.png,0.9286146835
3068.png,0.9176470745
3069.png,0.9297173735
3070.png,0.9279705034999999
3071.png,0.05645021254999999
3072.png,0.3010879401
3073.png,0.753259883
3074.png,0.7661887432500001
3075.png,0.5461492244999999
3076.png,0.7656970135
3077.png,0.0481299417
3078.png,0.310283475
3079.png,0.23751938220000002
3080.png,0.853237463
3081.png,0.9086479335
3082.png,0.07890872865
3083.png,0.0519239336
3084.png,0.5783322668
3085.png,0.39647350825
3086.png,0.9376924885000001
3087.png,0.0683531823
3088.png,0.3903629862
3089.png,0.723239096
3090.png,0.9392515300000001
3091.png,0.7120523244999999
3092.png,0.19836921624999998
3093.png,0.08643175075000001
3094.png,0.9374316764999999
3095.png,0.055190500350000005
3096.png,0.0493525781
3097.png,0.944631055
3098.png,0.9379767644999999
3099.png,0.9390282
3100.png,0.6281420712000001
3101.png,0.45496714270000005
3102.png,0.9046652980000001
3103.png,0.9442042845
3104.png,0.05834063785
3105.png,0.5226469625
3106.png,0.26851230795000003
3107.png,0.2613070411
3108.png,0.9458909444999999
3109.png,0.949345922
3110.png,0.929012179
3111.png,0.0526264258
3112.png,0.21483960615
3113.png,0.39910546939999997
3114.png,0.7353139415
3115.png,0.919885703
3116.png,0.8789650489999999
3117.png,0.9318165305
3118.png,0.8710788985000001
3119.png,0.779918564
3120.png,0.66283486785
3121.png,0.6306998393
3122.png,0.7670914015
3123.png,0.7871221934999999
3124.png,0.950429771
3125.png,0.0567446378
3126.png,0.8490550295
3127.png,0.05104724185
3128.png,0.9430662750000001
3129.png,0.9361985625
3130.png,0.42894484639999997
3131.png,0.0647936065
3132.png,0.650153035
3133.png,0.76733663
3134.png,0.8522284975000001
3135.png,0.06594368885
3136.png,0.9212544665
3137.png,0.22639181464999997
3138.png,0.051299947949999994
3139.png,0.7752994115
3140.png,0.054134302849999996
3141.png,0.8453949555
3142.png,0.7153607363000001
3143.png,0.06365870779999999
3144.png,0.831762863
3145.png,0.82216691
3146.png,0.0771996242
3147.png,0.7585115439999999
3148.png,0.761598695
3149.png,0.758308219
3150.png,0.31111296145
3151.png,0.9371148985
3152.png,0.05286089745
3153.png,0.8531520244999999
3154.png,0.9032510715
3155.png,0.52347215745
3156.png,0.60183590855
3157.png,0.04963204605
3158.png,0.5126383564
3159.png,0.8857902615
3160.png,0.9228562010000001
3161.png,0.54152597045
3162.png,0.7266497964
3163.png,0.7666642145
3164.png,0.8750872665
3165.png,0.41620904574999995
3166.png,0.33835363120000006
3167.png,0.31642231644999996
3168.png,0.34947366420000003
3169.png,0.6270106915
3170.png,0.0728111441
3171.png,0.843448508
3172.png,0.44347878269999996
3173.png,0.8804665719999999
3174.png,0.13737371465
3175.png,0.046045844999999995
3176.png,0.9261382330000001
3177.png,0.8527660845
3178.png,0.94359905
3179.png,0.25770224545000003
3180.png,0.38213141824999997
3181.png,0.16559038095
3182.png,0.05439218330000001
3183.png,0.3125977645
3184.png,0.0524710142
3185.png,0.6836789925
3186.png,0.05529471745
3187.png,0.9357505035
3188.png,0.9004563090000002
3189.png,0.04646909705
3190.png,0.8887523565
3191.png,0.662841576
3192.png,0.804727367
3193.png,0.877425129
3194.png,0.20448245129999998
3195.png,0.0536361608
3196.png,0.42364826785000004
3197.png,0.8124600565000001
3198.png,0.9472352424999999
3199.png,0.9463737190000001
3200.png,0.219740805
3201.png,0.08607950895
3202.png,0.7700293131
3203.png,0.06598251785
3204.png,0.94528632
3205.png,0.7197424847000001
3206.png,0.9273965720000001
3207.png,0.050660120100000004
3208.png,0.7266256415000001
3209.png,0.0495415458
3210.png,0.788526819
3211.png,0.8411604595
3212.png,0.33369237749999997
3213.png,0.870359609
3214.png,0.93820715
3215.png,0.7322725232
3216.png,0.05031672845
3217.png,0.9467010624999999
3218.png,0.055080941999999994
3219.png,0.14239011195
3220.png,0.9119185775
3221.png,0.9313588899999999
3222.png,0.9354120765
3223.png,0.8595370714999999
3224.png,0.0598596325
3225.png,0.922582051
3226.png,0.8000192930000001
3227.png,0.8448499794999998
3228.png,0.68115804115
3229.png,0.557845368
3230.png,0.90046944
3231.png,0.2263062722
3232.png,0.88032527
3233.png,0.27671198755
3234.png,0.61010023225
3235.png,0.8104322745
3236.png,0.933916951
3237.png,0.59329044185
3238.png,0.948261184
3239.png,0.0505904263
3240.png,0.7527808655
3241.png,0.48761456970000006
3242.png,0.8426629190000001
3243.png,0.6623433125
3244.png,0.20211664419999997
3245.png,0.901349845
3246.png,0.8845807025
3247.png,0.9481678535
3248.png,0.927953339
3249.png,0.6901447337000001
3250.png,0.6515787040000001
3251.png,0.0973728836
3252.png,0.6836235525
3253.png,0.04564114265000001
3254.png,0.7363682055
3255.png,0.05430075225
3256.png,0.580903366
3257.png,0.5652108153
3258.png,0.05245584415
3259.png,0.9347207655
3260.png,0.08168640064999999
3261.png,0.733313495
3262.png,0.9035127995
3263.png,0.8643421864999999
3264.png,0.04902676615
3265.png,0.7476478215
3266.png,0.9278522459999999
3267.png,0.4244938025000001
3268.png,0.950307649
3269.png,0.053605296000000004
3270.png,0.5954808265
3271.png,0.946365186
3272.png,0.947197009
3273.png,0.6187173425
3274.png,0.0567442434
3275.png,0.12242451425
3276.png,0.9539036275
3277.png,0.6080800113
3278.png,0.9330202379999999
3279.png,0.05372326595
3280.png,0.23461687659999997
3281.png,0.9349624085000001
3282.png,0.9452897485
3283.png,0.6866031046
3284.png,0.821630383
3285.png,0.2797778715
3286.png,0.9439555900000001
3287.png,0.7494130330000001
3288.png,0.6965619185
3289.png,0.840060472
3290.png,0.9132536025
3291.png,0.771138467
3292.png,0.8545991345
3293.png,0.6615197415
3294.png,0.0482555182
3295.png,0.6378710672
3296.png,0.9440245995000001
3297.png,0.58675423305
3298.png,0.9077956629999999
3299.png,0.9501112230000001
3300.png,0.36034985299999994
3301.png,0.8787354329999999
3302.png,0.9514764235000001
3303.png,0.07931634475
3304.png,0.19005890939999998
3305.png,0.7539766890999999
3306.png,0.952470757
3307.png,0.9074934164999999
3308.png,0.052101408
3309.png,0.46199325254999996
3310.png,0.9384378274999999
3311.png,0.9531917400000001
3312.png,0.0716473077
3313.png,0.38456828035
3314.png,0.9446130785
3315.png,0.865503986
3316.png,0.1336895011
3317.png,0.05103832205
3318.png,0.929572062
3319.png,0.9392208065000001
3320.png,0.9095022705
3321.png,0.24275911295000002
3322.png,0.858430343
3323.png,0.1291848826
3324.png,0.0446981952
3325.png,0.721068686
3326.png,0.9434706374999999
3327.png,0.05084515885
3328.png,0.93481646
3329.png,0.0667157434
3330.png,0.9081029609999999
3331.png,0.12883677275
3332.png,0.9087340454999999
3333.png,0.09315027225
3334.png,0.7303399114999999
3335.png,0.8503079689999999
3336.png,0.6429157296000001
3337.png,0.7902017605
3338.png,0.09139749790000001
3339.png,0.7341503435000001
3340.png,0.9486918105
3341.png,0.27961627735
3342.png,0.48320956755
3343.png,0.12908645159999999
3344.png,0.2989132645
3345.png,0.923676409
3346.png,0.06313712295
3347.png,0.867381202
3348.png,0.4675734268
3349.png,0.5730434275
3350.png,0.7275772607500001
3351.png,0.1942880146
3352.png,0.6132717577
3353.png,0.9159585910000001
3354.png,0.94464412
3355.png,0.22891733920000001
3356.png,0.946153058
3357.png,0.7656837624999999
3358.png,0.3558454256
3359.png,0.9268900655
3360.png,0.055174819449999996
3361.png,0.9303635269999999
3362.png,0.8043336365
3363.png,0.8733899975000001
3364.png,0.3966493498
3365.png,0.4911355347
3366.png,0.9242427885
3367.png,0.786523611
3368.png,0.0947077832
3369.png,0.10243836514999999
3370.png,0.864873941
3371.png,0.6498088177
3372.png,0.9249156835
3373.png,0.793419717
3374.png,0.1213775702
3375.png,0.0607205362
3376.png,0.8416343705
3377.png,0.0470899549
3378.png,0.9385494790000001
3379.png,0.8629787254999999
3380.png,0.04835848575
3381.png,0.3181737021
3382.png,0.054341789800000005
3383.png,0.5535467093
3384.png,0.8749552650000001
3385.png,0.8985231170000001
3386.png,0.5926506675500001
3387.png,0.6419489033
3388.png,0.19577071055
3389.png,0.2149412363
3390.png,0.05481400165
3391.png,0.3895089287
3392.png,0.24703860824999999
3393.png,0.865507453
3394.png,0.63440030475
3395.png,0.06328384705000001
3396.png,0.9447732010000001
3397.png,0.1255772543
3398.png,0.94770831
3399.png,0.2018687898
3400.png,0.9198052194999999
3401.png,0.8940770895
3402.png,0.05083984590000001
3403.png,0.9184195545
3404.png,0.22240435679999998
3405.png,0.9009085525
3406.png,0.3557596634000001
3407.png,0.938668719
3408.png,0.35143078014999996
3409.png,0.946170301
3410.png,0.0484959588
3411.png,0.8911761334999999
3412.png,0.3622698971
3413.png,0.21733652869999998
3414.png,0.721682409
3415.png,0.0664335948
3416.png,0.792254888
3417.png,0.29760448485
3418.png,0.04868953164999999
3419.png,0.0664456299
3420.png,0.49205173999999996
3421.png,0.07995037370000001
3422.png,0.891426575
3423.png,0.930852711
3424.png,0.9173970805
3425.png,0.9298427475000001
3426.png,0.9096525865
3427.png,0.06302864180000001
3428.png,0.3259747938
3429.png,0.3004758405
3430.png,0.0973973326
3431.png,0.21866523785
3432.png,0.22950009024999998
3433.png,0.25339792595
3434.png,0.57937271685
3435.png,0.051545924449999996
3436.png,0.39963800890000006
3437.png,0.11339630545
3438.png,0.29420436355000007
3439.png,0.6283298751999999
3440.png,0.6548511065
3441.png,0.1732077443
3442.png,0.0629038994
3443.png,0.9224865805000001
3444.png,0.8111975895000001
3445.png,0.65844315185
3446.png,0.8068580599999999
3447.png,0.09808246075
3448.png,0.07917237835
3449.png,0.9142372940000001
3450.png,0.9455828355
3451.png,0.7131640225
3452.png,0.07436784015
3453.png,0.049351559649999995
3454.png,0.05254606245
3455.png,0.8040728573
3456.png,0.8656144084999999
3457.png,0.9251317075000001
3458.png,0.9162079745
3459.png,0.8979798050000001
3460.png,0.4207554482
3461.png,0.9197604525
3462.png,0.8190534185
3463.png,0.8075242895
3464.png,0.3231390271
3465.png,0.04650475505
3466.png,0.0630939093
3467.png,0.84713176
3468.png,0.4870057859
3469.png,0.703564809
3470.png,0.052265075700000004
3471.png,0.8724535519999999
3472.png,0.0591563042
3473.png,0.89995753825
3474.png,0.07736841929999999
3475.png,0.057074493850000005
3476.png,0.333421634
3477.png,0.0510758949
3478.png,0.33214092949999996
3479.png,0.6360107552
3480.png,0.9209858645
3481.png,0.7621287050000001
3482.png,0.931847636
3483.png,0.9391013535000001
3484.png,0.18047289935
3485.png,0.06770017025
3486.png,0.8359957874999999
3487.png,0.945587276
3488.png,0.947465162
3489.png,0.9346652450000001
3490.png,0.05807864249999999
3491.png,0.53327598855
3492.png,0.53790254585
3493.png,0.100491092
3494.png,0.3637594853
3495.png,0.890872001
3496.png,0.8168199175000002
3497.png,0.16186100155
3498.png,0.0639158766
3499.png,0.445757324
3500.png,0.89685791
3501.png,0.28195852715
3502.png,0.04699706990000001
3503.png,0.8986680995
3504.png,0.1436983978
3505.png,0.61654499725
3506.png,0.05920672325
3507.png,0.4421373929
3508.png,0.4606476229
3509.png,0.9299932049999999
3510.png,0.7077753055
3511.png,0.815042008
3512.png,0.736767392
3513.png,0.058009906800000004
3514.png,0.5165800247500001
3515.png,0.776628586
3516.png,0.24036319265
3517.png,0.84359587775
3518.png,0.10188741785
3519.png,0.6284507859999999
3520.png,0.05340526035
3521.png,0.8702638807499999
3522.png,0.861862507
3523.png,0.26755714955
3524.png,0.10359820355
3525.png,0.66615950855
3526.png,0.0540188691
3527.png,0.5867912420000001
3528.png,0.7199812365
3529.png,0.05941700505
3530.png,0.809890933
3531.png,0.8355500716500001
3532.png,0.24815463995000003
3533.png,0.6603769302
3534.png,0.7731077580000001
3535.png,0.6192552238000001
3536.png,0.07403593454999999
3537.png,0.14044340725
3538.png,0.048582467500000004
3539.png,0.6697040824999999
3540.png,0.4483558481
3541.png,0.557087537
3542.png,0.3329167503
3543.png,0.052798070249999995
3544.png,0.07338245805
3545.png,0.05822425195
3546.png,0.786131792
3547.png,0.9028723534999998
3548.png,0.47120575249999996
3549.png,0.5916511055
3550.png,0.9440145784999999
3551.png,0.6782017705000001
3552.png,0.11495649925000001
3553.png,0.3940607022
3554.png,0.3540334702
3555.png,0.8464962845
3556.png,0.05474255105
3557.png,0.9497970020000001
3558.png,0.05238880970000001
3559.png,0.6530645145
3560.png,0.910925039
3561.png,0.93517841
3562.png,0.7816025762500001
3563.png,0.9436572599999999
3564.png,0.29408190084999997
3565.png,0.45642512885000003
3566.png,0.10679847360000001
3567.png,0.790605771
3568.png,0.9348230234999999
3569.png,0.5527104198
3570.png,0.56516718
3571.png,0.8607612635
3572.png,0.6132457815
3573.png,0.9166945150000001
3574.png,0.9391571525
3575.png,0.9337216615000001
3576.png,0.6972623185
3577.png,0.8883521095
3578.png,0.9443753945
3579.png,0.7138404325000001
3580.png,0.9297744665000001
3581.png,0.05416740049999999
3582.png,0.6851711360999999
3583.png,0.8474689645000001
3584.png,0.34493186870000003
3585.png,0.42945411749999995
3586.png,0.1081693661
3587.png,0.9498464085
3588.png,0.947870362
3589.png,0.7055905635
3590.png,0.22119135915000002
3591.png,0.05128066285
3592.png,0.1436716431
3593.png,0.9044097855
3594.png,0.41699440880000005
3595.png,0.7983333479999999
3596.png,0.7947889699999999
3597.png,0.0488428955
3598.png,0.8116552239999999
3599.png,0.851654527
3600.png,0.8979982565
3601.png,0.10966679875
3602.png,0.722795343
3603.png,0.0881285386
3604.png,0.05127039755
3605.png,0.8555150225000001
3606.png,0.9348772885
3607.png,0.8217868135
3608.png,0.3304625266
3609.png,0.1512476666
3610.png,0.9312691435
3611.png,0.6744142582499999
3612.png,0.469502775
3613.png,0.0486791486
3614.png,0.32581326585000003
3615.png,0.56189694245
3616.png,0.28807370615
3617.png,0.8461583465000002
3618.png,0.1259673218
3619.png,0.27464831245
3620.png,0.0735209157
3621.png,0.9152523805
3622.png,0.1513581862
3623.png,0.05352290119999999
3624.png,0.31418636294999996
3625.png,0.7269651885
3626.png,0.7173395295
3627.png,0.9490935380000001
3628.png,0.0451179266
3629.png,0.5994559053
3630.png,0.87552396
3631.png,0.736768652
3632.png,0.08880835470000001
3633.png,0.8830104075
3634.png,0.23072565795
3635.png,0.7108553304999998
3636.png,0.953446733
3637.png,0.5430931543
3638.png,0.0462793034
3639.png,0.944254299
3640.png,0.9420570855
3641.png,0.9209408805
3642.png,0.8580730754999999
3643.png,0.09477422925000001
3644.png,0.947229461
3645.png,0.937088667
3646.png,0.43081569654999996
3647.png,0.940126351
3648.png,0.8037959455
3649.png,0.937743372
3650.png,0.729392705
3651.png,0.6269992311
3652.png,0.942584351
3653.png,0.925506935
3654.png,0.8357384027499999
3655.png,0.795135067
3656.png,0.060232389549999994
3657.png,0.064693394
3658.png,0.0494025697
3659.png,0.0462869338
3660.png,0.9438336789999999
3661.png,0.907801547
3662.png,0.21603821709999999
3663.png,0.0788972752
3664.png,0.8707145605
3665.png,0.6777593540000001
3666.png,0.9518420665
3667.png,0.9146865235000001
3668.png,0.35757959954999996
3669.png,0.9421646309999998
3670.png,0.68182761225
3671.png,0.732181752
3672.png,0.1324704928
3673.png,0.9427347195
3674.png,0.2854937566
3675.png,0.06369657109999999
3676.png,0.1682105224
3677.png,0.48284401475
3678.png,0.7404753554999999
3679.png,0.6028313972500001
3680.png,0.5339373325
3681.png,0.8838666625
3682.png,0.05278721135
3683.png,0.09921958255
3684.png,0.4714443975
3685.png,0.7601254295
3686.png,0.9455516305
3687.png,0.04794060905
3688.png,0.7028000705
3689.png,0.10169193705
3690.png,0.08308551045
3691.png,0.9521749835000001
3692.png,0.7721209259999999
3693.png,0.07309081975000001
3694.png,0.48569042
3695.png,0.767440077
3696.png,0.8180702835
3697.png,0.808868746
3698.png,0.7840641907000001
3699.png,0.08007714555
3700.png,0.9094067960000001
3701.png,0.7687269985
3702.png,0.56208758525
3703.png,0.053487099149999995
3704.png,0.25554204064999997
3705.png,0.838784202
3706.png,0.897777088
3707.png,0.8026066785
3708.png,0.570457411
3709.png,0.58143322425
3710.png,0.9551512204999999
3711.png,0.900275236
3712.png,0.808121989
3713.png,0.8296533970000001
3714.png,0.11561717140000001
3715.png,0.0913167885
3716.png,0.6166479417
3717.png,0.910610838
3718.png,0.05196365675
3719.png,0.6724129185000001
3720.png,0.5480323975
3721.png,0.09608024100000001
3722.png,0.58050766315
3723.png,0.9228467435000001
3724.png,0.5079859939
3725.png,0.12585310249999998
3726.png,0.5473991227499999
3727.png,0.9452293980000002
3728.png,0.15625710380000002
3729.png,0.7021748562500001
3730.png,0.8085969225
3731.png,0.9286162395
3732.png,0.05082575104999999
3733.png,0.9400311275
3734.png,0.052769682500000005
3735.png,0.10608289274999999
3736.png,0.47083832300000006
3737.png,0.9409456764999999
3738.png,0.6075065389999998
3739.png,0.0743724795
3740.png,0.3752123506
3741.png,0.83345102
3742.png,0.37709454225
3743.png,0.23780517210000002
3744.png,0.65785674975
3745.png,0.9395979379999999
3746.png,0.763263992
3747.png,0.4151957975
3748.png,0.932811832
3749.png,0.9241382985
3750.png,0.75069963075
3751.png,0.8110364915
3752.png,0.9516968035000001
3753.png,0.05143903984999999
3754.png,0.6895572272999999
3755.png,0.944415764
3756.png,0.6173182186
3757.png,0.65242380185
3758.png,0.24424405285
3759.png,0.940223682
3760.png,0.8947411940000001
3761.png,0.779715742
3762.png,0.5340554986
3763.png,0.055850910899999995
3764.png,0.058920881599999995
3765.png,0.8264412575
3766.png,0.14684747255
3767.png,0.04577472685
3768.png,0.8384145900000001
3769.png,0.937245023
3770.png,0.0511841579
3771.png,0.12968549540000002
3772.png,0.9467430730000002
3773.png,0.9349767385000001
3774.png,0.3319664318
3775.png,0.5005516972999999
3776.png,0.2179251866
3777.png,0.06001835105
3778.png,0.8134849465
3779.png,0.06143767145
3780.png,0.0692103752
3781.png,0.051248253050000005
3782.png,0.662101416
3783.png,0.3982695872
3784.png,0.23142587539999998
3785.png,0.0506496132
3786.png,0.39411006420000005
3787.png,0.66425210795
3788.png,0.8695473990000001
3789.png,0.9052270265000001
3790.png,0.26514637770000005
3791.png,0.2111758144
3792.png,0.9388701185
3793.png,0.7687274015000001
3794.png,0.69300596525
3795.png,0.04542762085
3796.png,0.0552047018
3797.png,0.9121093334999999
3798.png,0.052446655849999996
3799.png,0.43056539539999994
3800.png,0.06352413474999999
3801.png,0.7624624365000001
3802.png,0.37799409240000004
3803.png,0.58315060035
3804.png,0.9315705390000001
3805.png,0.9147795750000001
3806.png,0.75206530815
3807.png,0.5337236308
3808.png,0.22359656904999997
3809.png,0.19512834
3810.png,0.47384207880000007
3811.png,0.0466677282
3812.png,0.9513968859999999
3813.png,0.777155874
3814.png,0.07910257315000001
3815.png,0.06002676605
3816.png,0.10251369395
3817.png,0.13754046490000002
3818.png,0.7817408975
3819.png,0.5130398872499999
3820.png,0.6881400289999999
3821.png,0.13546860309999997
3822.png,0.6557038093
3823.png,0.9365200850000001
3824.png,0.9321655305000001
3825.png,0.056247914
3826.png,0.8485415085
3827.png,0.057162198
3828.png,0.1938145422
3829.png,0.6537334770000001
3830.png,0.16848735035
3831.png,0.793902336
3832.png,0.05576779305
3833.png,0.05589722655
3834.png,0.7138678295
3835.png,0.0690224916
3836.png,0.9527861495000001
3837.png,0.05100691565
3838.png,0.24619758614999998
3839.png,0.9315164420000001
3840.png,0.12017499770000001
3841.png,0.8150191125
3842.png,0.9328107050000001
3843.png,0.7183211005000001
3844.png,0.7334450370000001
3845.png,0.1290959317
3846.png,0.9078393895
3847.png,0.49534971790000004
3848.png,0.23262288955000002
3849.png,0.7602830405
3850.png,0.676598837
3851.png,0.13924168575
3852.png,0.913797616
3853.png,0.2467389994
3854.png,0.061339628349999994
3855.png,0.7247387949999999
3856.png,0.0548093557
3857.png,0.3212657829
3858.png,0.7452938205
3859.png,0.32639376525
3860.png,0.16256129585
3861.png,0.6335610062
3862.png,0.6322149600000001
3863.png,0.0558682294
3864.png,0.943810847
3865.png,0.917229718
3866.png,0.38598306185000003
3867.png,0.8655689205
3868.png,0.04473162944999999
3869.png,0.49174727674999996
3870.png,0.24832924085000002
3871.png,0.9441995464999999
3872.png,0.35535348555000007
3873.png,0.15853616069999998
3874.png,0.6964666325
3875.png,0.0590039501
3876.png,0.8012864030000001
3877.png,0.7779046855
3878.png,0.05374489165
3879.png,0.052787114999999996
3880.png,0.842497939
3881.png,0.48028304200000005
3882.png,0.7788108385000001
3883.png,0.457662267
3884.png,0.1570252793
3885.png,0.37375576925
3886.png,0.9070782355000001
3887.png,0.04955635035
3888.png,0.3908408326
3889.png,0.901203889
3890.png,0.06134763585
3891.png,0.7992304815
3892.png,0.88790495
3893.png,0.8385262115000001
3894.png,0.6293016296499999
3895.png,0.1021090865
3896.png,0.8736341555
3897.png,0.92752802
3898.png,0.6765433382999999
3899.png,0.893438427
3900.png,0.590595084
3901.png,0.9276979244999999
3902.png,0.12324443230000001
3903.png,0.9482906510000001
3904.png,0.060904013199999996
3905.png,0.5974377025
3906.png,0.8136586644999999
3907.png,0.8720114700000001
3908.png,0.06515959805
3909.png,0.0488213222
3910.png,0.57326178605
3911.png,0.04666108475
3912.png,0.46403914565000004
3913.png,0.05687605920000001
3914.png,0.8344705269999999
3915.png,0.5847195604000001
3916.png,0.807735733
3917.png,0.77245239575
3918.png,0.9282141989999999
3919.png,0.075837826
3920.png,0.801939568
3921.png,0.6084999645
3922.png,0.8217973460000001
3923.png,0.9243820500000001
3924.png,0.44229114859999996
3925.png,0.39143395015000004
3926.png,0.5675276695
3927.png,0.9439133415000001
3928.png,0.8106243810000001
3929.png,0.7936786554999999
3930.png,0.6747486030000001
3931.png,0.5796121285
3932.png,0.1312330151
3933.png,0.1807568818
3934.png,0.049874528050000005
3935.png,0.9501322175
3936.png,0.44402526314999996
3937.png,0.06463826140000001
3938.png,0.31558719835000004
3939.png,0.7535448334999999
3940.png,0.8483618795
3941.png,0.2217065946
3942.png,0.0974523542
3943.png,0.43870132770000003
3944.png,0.9445172685
3945.png,0.30910229300000003
3946.png,0.73356365145
3947.png,0.8482070700000001
3948.png,0.367522642
3949.png,0.8750195300000001
3950.png,0.1595666646
3951.png,0.915784311
3952.png,0.890658623
3953.png,0.5132718672
3954.png,0.23148816305
3955.png,0.07531365009999999
3956.png,0.1363461975
3957.png,0.5374125118499999
3958.png,0.7717343735000001
3959.png,0.5844847945
3960.png,0.9279278435
3961.png,0.533187579
3962.png,0.10760859315000001
3963.png,0.07007549615
3964.png,0.278123828
3965.png,0.0819709454
3966.png,0.43042007545
3967.png,0.34198631065
3968.png,0.5152259571
3969.png,0.04713522170000001
3970.png,0.0684458456
3971.png,0.734354911
3972.png,0.806715521
3973.png,0.7951060125
3974.png,0.05108061355
3975.png,0.48940390265000006
3976.png,0.62488270575
3977.png,0.9026055195
3978.png,0.9212510899999999
3979.png,0.5167704784999999
3980.png,0.05805114939999999
3981.png,0.28795188130000005
3982.png,0.612563264
3983.png,0.04979860535
3984.png,0.29918133585000006
3985.png,0.0463950803
3986.png,0.36426430495
3987.png,0.0894640796
3988.png,0.043414147
3989.png,0.948221921
3990.png,0.0585572395
3991.png,0.7896636423
3992.png,0.7264377648
3993.png,0.89967544
3994.png,0.35791471745000003
3995.png,0.9432775185000001
3996.png,0.647137208
3997.png,0.7737548470000001
3998.png,0.9265729195
3999.png,0.7902158020000001
4000.png,0.8510490068
4001.png,0.249784655
4002.png,0.4371765458
4003.png,0.945688895
4004.png,0.5415483847
4005.png,0.04878876099999999
4006.png,0.944665867
4007.png,0.04552172705
4008.png,0.828972927
4009.png,0.04516786885
4010.png,0.4363806544
4011.png,0.06342121095
4012.png,0.09562279369999999
4013.png,0.707836576
4014.png,0.6404626844
4015.png,0.64798205245
4016.png,0.755518269
4017.png,0.621676991
4018.png,0.378016035
4019.png,0.9384921900000001
4020.png,0.3023137556
4021.png,0.8844902485
4022.png,0.9287922215
4023.png,0.7006182875
4024.png,0.3532004056
4025.png,0.43697311650000004
4026.png,0.9464172134999999
4027.png,0.8437424312500001
4028.png,0.8122158270000001
4029.png,0.4824733219999999
4030.png,0.061588299650000004
4031.png,0.9371153755
4032.png,0.8081205999999999
4033.png,0.0775814909
4034.png,0.5825275202
4035.png,0.1078180985
4036.png,0.9229286965
4037.png,0.37954067659999996
4038.png,0.8440559892
4039.png,0.939376738
4040.png,0.7575272315000001
4041.png,0.5034455475
4042.png,0.060101667649999996
4043.png,0.29313842665
4044.png,0.0641406209
4045.png,0.6466633593
4046.png,0.8383407589999998
4047.png,0.934752389
4048.png,0.9509802279999999
4049.png,0.0514070895
4050.png,0.8705444870000001
4051.png,0.624181223
4052.png,0.798070938
4053.png,0.2246221573
4054.png,0.7052257333
4055.png,0.9456955765
4056.png,0.94955502
4057.png,0.8590181715
4058.png,0.8735893865
4059.png,0.3828167971
4060.png,0.590347599
4061.png,0.5252929132
4062.png,0.2482546087
4063.png,0.055329420000000004
4064.png,0.6303721002
4065.png,0.6020826145
4066.png,0.953628817
4067.png,0.79973106825
4068.png,0.8382983749999999
4069.png,0.38003093530000004
4070.png,0.3190049733
4071.png,0.9354090719999999
4072.png,0.896590123
4073.png,0.6822768695
4074.png,0.48440563825
4075.png,0.050047577399999994
4076.png,0.0846108929
4077.png,0.399839678
4078.png,0.0518868264
4079.png,0.788763004
4080.png,0.8677734370000001
4081.png,0.20237786275
4082.png,0.6852360665
4083.png,0.6354218935
4084.png,0.2996007143
4085.png,0.8149434545
4086.png,0.9246341124999999
4087.png,0.06453701510000001
4088.png,0.9441293545
4089.png,0.802491526
4090.png,0.744374029
4091.png,0.671287274
4092.png,0.30737621800000003
4093.png,0.8496856960000001
4094.png,0.916064625
4095.png,0.33727150135
4096.png,0.60558142805
4097.png,0.05500386145
4098.png,0.44330107235000005
4099.png,0.5223414008
4100.png,0.5656343713499999
4101.png,0.712011276
4102.png,0.9364435010000001
4103.png,0.25532788889999997
4104.png,0.1040720551
4105.png,0.0866013938
4106.png,0.39245573869999995
4107.png,0.9449311444999999
4108.png,0.9339494375000001
4109.png,0.1516194364
4110.png,0.4770714945
4111.png,0.8812056260000001
4112.png,0.759940005
4113.png,0.5348294859
4114.png,0.8771239365000001
4115.png,0.9129572069999999
4116.png,0.9389611115
4117.png,0.0600154622
4118.png,0.30620015949999996
4119.png,0.8670434505
4120.png,0.19948902054999998
4121.png,0.08532114685
4122.png,0.057258602
4123.png,0.8131258725
4124.png,0.9128038905
4125.png,0.5109675539999999
4126.png,0.9480463459999999
4127.png,0.1454323235
4128.png,0.8899401325
4129.png,0.0479123628
4130.png,0.05471699195
4131.png,0.9111757034999999
4132.png,0.06085785315
4133.png,0.8728681135000002
4134.png,0.39233902730000003
4135.png,0.06322756375
4136.png,0.6051722537499999
4137.png,0.05561380145
4138.png,0.929306541
4139.png,0.9345489635
4140.png,0.771766714
4141.png,0.9166141649999999
4142.png,0.8256889159999999
4143.png,0.9337519165000001
4144.png,0.07775779995000001
4145.png,0.7417740744000001
4146.png,0.8226291065
4147.png,0.18942470500000003
4148.png,0.06438487095
4149.png,0.8400770795
4150.png,0.9490845904999999
4151.png,0.30730248834999996
4152.png,0.8891159385
4153.png,0.9537266725
4154.png,0.12424800569999998
4155.png,0.86084058
4156.png,0.6475706385000001
4157.png,0.5776255514499999
4158.png,0.06013147445
4159.png,0.9345943864999999
4160.png,0.06409757175
4161.png,0.88519901
4162.png,0.66161012185
4163.png,0.7313698660000001
4164.png,0.9326787384999999
4165.png,0.734279236
4166.png,0.8927787055
4167.png,0.949840987
4168.png,0.20483693749999998
4169.png,0.695686834
4170.png,0.135654997
4171.png,0.15793141
4172.png,0.32246277695000003
4173.png,0.054291471300000005
4174.png,0.09572904985
4175.png,0.06074957925
4176.png,0.31168375260000003
4177.png,0.052832630600000006
4178.png,0.9386394805
4179.png,0.20308400185
4180.png,0.866636991
4181.png,0.8198849675
4182.png,0.9523580989999999
4183.png,0.06935522794999999
4184.png,0.9300772415
4185.png,0.7963821845
4186.png,0.9481046129999999
4187.png,0.27811535935
4188.png,0.823740141
4189.png,0.49188882924999994
4190.png,0.915989867
4191.png,0.05829720285
4192.png,0.826750188
4193.png,0.54645320165
4194.png,0.4301263648
4195.png,0.79781163
4196.png,0.8130737014999999
4197.png,0.050113817600000006
4198.png,0.8880957555
4199.png,0.13151657105
4200.png,0.7714468157000001
4201.png,0.3156566665
4202.png,0.578218151
4203.png,0.8422383103
4204.png,0.9497434305
4205.png,0.9409758315
4206.png,0.7552645016
4207.png,0.7615092065000001
4208.png,0.815467288
4209.png,0.06804054875
4210.png,0.6949503495
4211.png,0.11746260285
4212.png,0.28369615415
4213.png,0.10111184745
4214.png,0.8411800365000001
4215.png,0.871412729
4216.png,0.4118048986
4217.png,0.05671510535
4218.png,0.2236519185
4219.png,0.9479590384999999
4220.png,0.8053062175
4221.png,0.8277279155
4222.png,0.57633397
4223.png,0.47625733750000004
4224.png,0.0641996577
4225.png,0.7916585865
4226.png,0.7217000845
4227.png,0.30431723089999996
4228.png,0.901142063
4229.png,0.8122917535
4230.png,0.7558622292499999
4231.png,0.34209484935
4232.png,0.08846148785
4233.png,0.0724050135
4234.png,0.69810964355
4235.png,0.0522365719
4236.png,0.15841464745
4237.png,0.045751951449999995
4238.png,0.0540704352
4239.png,0.052004330050000006
4240.png,0.71355566165
4241.png,0.0800977227
4242.png,0.7791365135
4243.png,0.3254197435
4244.png,0.8441491160000001
4245.png,0.0510429787
4246.png,0.8081683055
4247.png,0.061901465749999995
4248.png,0.8149651855
4249.png,0.883593306
4250.png,0.17149354
4251.png,0.9492967889999999
4252.png,0.947376268
4253.png,0.06277283110000001
4254.png,0.8752777405
4255.png,0.8926019215000001
4256.png,0.8916539709999999
4257.png,0.04728101234999999
4258.png,0.94769411
4259.png,0.30182442460000003
4260.png,0.0592711569
4261.png,0.148645545
4262.png,0.23325355539999998
4263.png,0.8855467885000001
4264.png,0.7983835242999999
4265.png,0.05594644735
4266.png,0.10281632204999999
4267.png,0.2409746315
4268.png,0.1122607643
4269.png,0.6074228314
4270.png,0.06143775890000001
4271.png,0.8780092955
4272.png,0.7838339652499999
4273.png,0.05586445845000001
4274.png,0.8796021349999998
4275.png,0.2287507812
4276.png,0.1321989999
4277.png,0.864862505
4278.png,0.845030787
4279.png,0.9543790065
4280.png,0.36500498550000005
4281.png,0.842909127
4282.png,0.74342609385
4283.png,0.6671257205000001
4284.png,0.15667276535000002
4285.png,0.0668469234
4286.png,0.7931743785
4287.png,0.6560567173
4288.png,0.7521952133500001
4289.png,0.0522592014
4290.png,0.8745818894999999
4291.png,0.62590794885
4292.png,0.511645048
4293.png,0.06537020125
4294.png,0.3034346532
4295.png,0.0544334838
4296.png,0.24724093505000003
4297.png,0.8406129714999999
4298.png,0.36579377425000004
4299.png,0.174200508
4300.png,0.9331712540000001
4301.png,0.06021974315
4302.png,0.0665582066
4303.png,0.7949547029999999
4304.png,0.5688052692
4305.png,0.045628841
4306.png,0.46948612975
4307.png,0.944153263
4308.png,0.060741489450000005
4309.png,0.9309976719999999
4310.png,0.12197511565000001
4311.png,0.9441972654999999
4312.png,0.9116004200000001
4313.png,0.8651284424999999
4314.png,0.55029007735
4315.png,0.635707407
4316.png,0.5663465585
4317.png,0.31908609954999995
4318.png,0.1636904424
4319.png,0.22821267075
4320.png,0.7558003805
4321.png,0.9168100475
4322.png,0.04934189015
4323.png,0.9328971155
4324.png,0.052527217
4325.png,0.5713701819499999
4326.png,0.56851703165
4327.png,0.9356575594999998
4328.png,0.21886203665
4329.png,0.44990307700000004
4330.png,0.70135333815
4331.png,0.6612208195
4332.png,0.66579758825
4333.png,0.7769477889999999
4334.png,0.945800988
4335.png,0.6505291865
4336.png,0.8468495279999999
4337.png,0.22536905154999998
4338.png,0.111071528
4339.png,0.953049671
4340.png,0.0501396484
4341.png,0.82786146625
4342.png,0.843958396
4343.png,0.9251372625000001
4344.png,0.9436559330000001
4345.png,0.49311317050000003
4346.png,0.9353666365
4347.png,0.41258368860000005
4348.png,0.0883441683
4349.png,0.9247125905
4350.png,0.946117639
4351.png,0.0550856234
4352.png,0.05160469125
4353.png,0.38231293860000004
4354.png,0.12072636639999998
4355.png,0.9361876435
